k,mean_distortion,std_distortion
5,0.30972319318193997,0.02032598673161942
15,0.17555821216573003,0.006598533723655684
20,0.15556933713088875,0.006393578555320966
25,0.13775613822233052,0.010357275399803915
